bs (Bosnian)
------------
Samir Ribic <samir.ribic@etf.unsa.ba>

ca (Catalan)
------------
Gil Forcada <gforcada@gnome.org>
Carles Ferrando Garcia <carles.ferrando@gmail.com>
Jordi Mas <jmas@softcatala.org>

cs (Czech translation)
----------------------
Marek Černocký <marek@manet.cz>

da (Danish)
-----------
Alan Mortensen <alanmortensen.am@gmail.com>
Joe Hansen <joedalton2@yahoo.dk>
Ask Hjorth Larsen <asklarsen@gmail.com>

de (German)
-----------
Mario Blättermann <mariobl@gnome.org>
Christian Kirbach <christian.kirbach@gmail.com>
Wolfgang Stöggl <c72578@yahoo.de>
Florian Heiser <gnu.l10n.de@gmail.com>

el (Greek)
----------
Mel Argyropoulou <bunnydee93@gmail.com>
Dimitris Spingos <dmtrs32@gmail.com>
Tom Tryfonidis <tomtryf@gmail.com>
Efstathios Iosifidis <iosifidis@opensuse.org>

en_GB (British English)
-----------------------
Philip Withnall <philip@tecnocode.co.uk>
Pierre-Yves Luyten <pyluyten@laposte.net>
David King <amigadave@amigadave.com>

es (Spanish)
------------
Alejandro Piñeiro Iglesias <apinheiro@igalia.com>
Mario Sanchez Prada <msanchez@gnome.org>
Daniel Mustieles <daniel.mustieles@gmail.com>
Jorge González <jorgegonz@svn.gnome.org>

eu (Basque)
-----------
Asier Sarasua Garmendia <asiersarasua@ni.eus>

fi (Finnish)
------------
Jiri Grönroos <jiri.gronroos+l10n@iki.fi>

fr (French)
-----------
Alexandre Franke <alexandre.franke@gmail.com>
Claude Paroz <claude@2xlibre.net>
Bruno Brouard <annoa.b@gmail.com>
Alain Lojewski <allomervan@gmail.com>

fur (Friulian)
--------------
Fabio Tomat <f.t.public@gmail.com>

gl (Galician)
-------------
Fran Diéguez <frandieguez@ubuntu.com>

hu (Hungarian)
--------------
Balázs Úr <urbalazs@src.gnome.org>
Gábor Kelemen <kelemeng@gnome.hu>

id (Indonesian)
---------------
Andika Triwidada <andika@gmail.com>
Kukuh Syafaat <syafaatkukuh@gmail.com>

is (Icelandic)
--------------
Sveinn í Felli <sv1@fellsnet.is>

it (Italian)
------------
Cristian Marchi <cri.penta@gmail.com>

ja (Japanese)
-------------
Jiro Matsuzawa <jmatsuzawa@gnome.org>

lv (Latvian)
------------
Arvis Lācis <arvis.lacis@gmail.com>
Anita Reitere <nitalynx@gmail.com>
Rūdolfs Mazurs <rudolfs.mazurs@gmail.com>

nb (Norwegian bokmål)
---------------------
Kjartan Maraas <kmaraas@gnome.org>

nn (Norwegian Nynorsk)
----------------------
Kevin Brubeck Unhammer <javkalas@mm.st>
Kjartan Maraas <kmaraas@gnome.org>

oc (Occitan)
------------
Cédric Valmary <cvalmary@yahoo.fr>

pl (Polish)
-----------
Aviary.pl <community-poland@mozilla.org>
Łukasz Jernaś <deejay1@srem.org>
Piotr Drąg <piotrdrag@gmail.com>
Mateusz Kacprzak <mateusz.kacprzak@yandex.ru>

pt (Portuguese)
---------------
Pedro Albuquerque <palbuquerque73@gmail.com>
Tiago Santos <tiagofsantos81@sapo.pt>

pt_BR (Brazilian Portuguese)
----------------------------
Mateus Zenaide <matzenh@gmail.com>
Djavan Fagundes <djavan@comum.org>
Gabriel F. Vilar <cogumm@gmail.com>
Rafael Ferreira <rafael.f.f1@gmail.com>
Enrico Nicoletto <liverig@gmail.com>
Rafael Fontenelle <rffontenelle@gmail.com>

ro (Romanian)
------------
Daniel Șerbănescu <daniel@serbanescu.dk>
Florentina Mușat <florentina.musat.28@gmail.com>

ru (Russian)
------------
Yuri Myasoedov <omerta13@yandex.ru>
Sergej A <asvmail.as@gmail.com>

sl (Slovenian)
--------------
Matej Urbančič <mateju@svn.gnome.org>
Saša Batistič <sasa.batistic@gmail.com>
Andrej Žnidaršič <andrej.znidarsic@gmail.com>

sr (Serbian)
------------
Мирослав Николић <miroslavnikolic@rocketmail.com>

sr@latin (Serbian)
------------------
Miroslav Nikolić <miroslavnikolic@rocketmail.com>

sv (Swedish)
------------
Daniel Nylander <po@danielnylander.se>
Anders Jonsson <anders.jonsson@norsjovallen.se>
Josef Andersson <josef.andersson@fripost.org>

te (Telugu)
-----------
Veeven <veeven@gmail.com>

tr (Turkish)
------------
Muhammet Kara <muhammet.k@gmail.com>
Sabri Ünal <libreajans@gmail.com>

uk (Ukrainian)
--------------
Sergiy Gavrylov <sergiovana@bigmir.net>
Daniel Korostil <ted.korostiled@gmail.com>
Yuri Chornoivan <yurchor@ukr.net>

zh_CN (Chinese)
---------------
Boyuan Yang <073plan@gmail.com>
tuhaihe <wangdianjin@linuxdeepin.com>
Wylmer Wang <wantinghard@gmail.com>
Yinghua Wang <wantinghard@gmail.com>
YunQiang Su <wzssyqa@gmail.com>
